{
  "tracker_name": "mosse3",
  "results": [
    {
      "sequence_name": "ball",
      "sequence_length": 602,
      "overlap": 0.3339399990318887,
      "failures": 6,
      "speed": 205.0188544631806
    },
    {
      "sequence_name": "basketball",
      "sequence_length": 725,
      "overlap": 0.46399148220089287,
      "failures": 3,
      "speed": 155.9730753283451
    },
    {
      "sequence_name": "bicycle",
      "sequence_length": 271,
      "overlap": 0.4359833504905919,
      "failures": 2,
      "speed": 1124.9416677110523
    },
    {
      "sequence_name": "bolt",
      "sequence_length": 350,
      "overlap": 0.4872303095148494,
      "failures": 3,
      "speed": 426.0741227789311
    },
    {
      "sequence_name": "car",
      "sequence_length": 252,
      "overlap": 0.5098032036713157,
      "failures": 1,
      "speed": 372.82821924764755
    },
    {
      "sequence_name": "david",
      "sequence_length": 770,
      "overlap": 0.712647612206,
      "failures": 0,
      "speed": 295.09339399329366
    },
    {
      "sequence_name": "diving",
      "sequence_length": 219,
      "overlap": 0.3679202881073188,
      "failures": 4,
      "speed": 140.5567501340656
    },
    {
      "sequence_name": "drunk",
      "sequence_length": 1210,
      "overlap": 0.34043830092171073,
      "failures": 0,
      "speed": 113.46556641701322
    },
    {
      "sequence_name": "fernando",
      "sequence_length": 292,
      "overlap": 0.32599214970908436,
      "failures": 1,
      "speed": 58.498343857043096
    },
    {
      "sequence_name": "fish1",
      "sequence_length": 436,
      "overlap": 0.33765835227458757,
      "failures": 13,
      "speed": 568.9476380005464
    },
    {
      "sequence_name": "fish2",
      "sequence_length": 310,
      "overlap": 0.25205499764960515,
      "failures": 7,
      "speed": 276.7174875221365
    },
    {
      "sequence_name": "gymnastics",
      "sequence_length": 207,
      "overlap": 0.5749912944354962,
      "failures": 2,
      "speed": 348.6159683281515
    },
    {
      "sequence_name": "hand1",
      "sequence_length": 244,
      "overlap": 0.3841846327728291,
      "failures": 3,
      "speed": 320.5332789532047
    },
    {
      "sequence_name": "hand2",
      "sequence_length": 267,
      "overlap": 0.3726178214679158,
      "failures": 14,
      "speed": 387.4667898725362
    },
    {
      "sequence_name": "jogging",
      "sequence_length": 307,
      "overlap": 0.6603795271026992,
      "failures": 1,
      "speed": 381.78379722164686
    },
    {
      "sequence_name": "motocross",
      "sequence_length": 164,
      "overlap": 0.4547231037057098,
      "failures": 2,
      "speed": 48.422509489104684
    },
    {
      "sequence_name": "polarbear",
      "sequence_length": 371,
      "overlap": 0.4623990919174606,
      "failures": 0,
      "speed": 189.2925616543986
    },
    {
      "sequence_name": "skating",
      "sequence_length": 400,
      "overlap": 0.42700772248588853,
      "failures": 1,
      "speed": 365.53580718613875
    },
    {
      "sequence_name": "sphere",
      "sequence_length": 201,
      "overlap": 0.6914163377770464,
      "failures": 0,
      "speed": 156.54470172899337
    },
    {
      "sequence_name": "sunshade",
      "sequence_length": 172,
      "overlap": 0.685754684954511,
      "failures": 1,
      "speed": 431.48283699965367
    },
    {
      "sequence_name": "surfing",
      "sequence_length": 282,
      "overlap": 0.49239839596803814,
      "failures": 0,
      "speed": 665.4440116174251
    },
    {
      "sequence_name": "torus",
      "sequence_length": 264,
      "overlap": 0.4727598620128132,
      "failures": 4,
      "speed": 419.5935289203148
    },
    {
      "sequence_name": "trellis",
      "sequence_length": 569,
      "overlap": 0.5094275353189734,
      "failures": 0,
      "speed": 339.14747741629463
    },
    {
      "sequence_name": "tunnel",
      "sequence_length": 731,
      "overlap": 0.29946853921873257,
      "failures": 0,
      "speed": 177.38601541069542
    },
    {
      "sequence_name": "woman",
      "sequence_length": 597,
      "overlap": 0.5607338746539174,
      "failures": 2,
      "speed": 461.79269177391944
    }
  ],
  "average_overlap": 0.4646368987827951,
  "total_failures": 70,
  "average_speed": 337.2462838410293,
  "total_frames": 10213
}