{
  "tracker_name": "mosse5",
  "results": [
    {
      "sequence_name": "ball",
      "sequence_length": 602,
      "overlap": 0.30505603722186797,
      "failures": 2,
      "speed": 118.66930000635905
    },
    {
      "sequence_name": "basketball",
      "sequence_length": 725,
      "overlap": 0.5160441640137348,
      "failures": 8,
      "speed": 86.24642133355637
    },
    {
      "sequence_name": "bicycle",
      "sequence_length": 271,
      "overlap": 0.43984275068700374,
      "failures": 2,
      "speed": 629.2564533479315
    },
    {
      "sequence_name": "bolt",
      "sequence_length": 350,
      "overlap": 0.5739931627064231,
      "failures": 5,
      "speed": 283.6934061743377
    },
    {
      "sequence_name": "car",
      "sequence_length": 252,
      "overlap": 0.4044175331966966,
      "failures": 0,
      "speed": 545.5738159207965
    },
    {
      "sequence_name": "david",
      "sequence_length": 770,
      "overlap": 0.6271311887766896,
      "failures": 0,
      "speed": 81.00479781949396
    },
    {
      "sequence_name": "diving",
      "sequence_length": 219,
      "overlap": 0.3647094851498131,
      "failures": 4,
      "speed": 53.85761680417072
    },
    {
      "sequence_name": "drunk",
      "sequence_length": 1210,
      "overlap": 0.4339055797102624,
      "failures": 1,
      "speed": 45.85493916230172
    },
    {
      "sequence_name": "fernando",
      "sequence_length": 292,
      "overlap": 0.3931799399955677,
      "failures": 2,
      "speed": 46.40431432021131
    },
    {
      "sequence_name": "fish1",
      "sequence_length": 436,
      "overlap": 0.31556135866520935,
      "failures": 13,
      "speed": 238.05460290663427
    },
    {
      "sequence_name": "fish2",
      "sequence_length": 310,
      "overlap": 0.2909899232264159,
      "failures": 8,
      "speed": 83.85835652715711
    },
    {
      "sequence_name": "gymnastics",
      "sequence_length": 207,
      "overlap": 0.6016470206401746,
      "failures": 4,
      "speed": 121.37190155328078
    },
    {
      "sequence_name": "hand1",
      "sequence_length": 244,
      "overlap": 0.46440184793117656,
      "failures": 3,
      "speed": 216.96897521344556
    },
    {
      "sequence_name": "hand2",
      "sequence_length": 267,
      "overlap": 0.35811770571848983,
      "failures": 13,
      "speed": 231.4145337153218
    },
    {
      "sequence_name": "jogging",
      "sequence_length": 307,
      "overlap": 0.6755839779313171,
      "failures": 1,
      "speed": 170.5176742132087
    },
    {
      "sequence_name": "motocross",
      "sequence_length": 164,
      "overlap": 0.5259278103947623,
      "failures": 3,
      "speed": 36.20588351800279
    },
    {
      "sequence_name": "polarbear",
      "sequence_length": 371,
      "overlap": 0.49240653312479926,
      "failures": 0,
      "speed": 169.3378456620186
    },
    {
      "sequence_name": "skating",
      "sequence_length": 400,
      "overlap": 0.4046194432371609,
      "failures": 0,
      "speed": 143.98855348595202
    },
    {
      "sequence_name": "sphere",
      "sequence_length": 201,
      "overlap": 0.6811204761162155,
      "failures": 0,
      "speed": 82.97320485613686
    },
    {
      "sequence_name": "sunshade",
      "sequence_length": 172,
      "overlap": 0.6733563930938334,
      "failures": 0,
      "speed": 514.0933306552658
    },
    {
      "sequence_name": "surfing",
      "sequence_length": 282,
      "overlap": 0.5351423452797199,
      "failures": 0,
      "speed": 359.05636930348174
    },
    {
      "sequence_name": "torus",
      "sequence_length": 264,
      "overlap": 0.4945663251801584,
      "failures": 4,
      "speed": 281.21175505957206
    },
    {
      "sequence_name": "trellis",
      "sequence_length": 569,
      "overlap": 0.4631045909430703,
      "failures": 2,
      "speed": 139.38868941039533
    },
    {
      "sequence_name": "tunnel",
      "sequence_length": 731,
      "overlap": 0.2570120781476618,
      "failures": 0,
      "speed": 117.69886829881442
    },
    {
      "sequence_name": "woman",
      "sequence_length": 597,
      "overlap": 0.5956921418101866,
      "failures": 4,
      "speed": 198.90050130800188
    }
  ],
  "average_overlap": 0.4755011925159364,
  "total_failures": 79,
  "average_speed": 199.82408442303392,
  "total_frames": 10213
}