{
  "tracker_name": "mosse2",
  "results": [
    {
      "sequence_name": "ball",
      "sequence_length": 602,
      "overlap": 0.33661048929081877,
      "failures": 4,
      "speed": 351.34013478270924
    },
    {
      "sequence_name": "basketball",
      "sequence_length": 725,
      "overlap": 0.5516320861934758,
      "failures": 2,
      "speed": 372.6331558068095
    },
    {
      "sequence_name": "bicycle",
      "sequence_length": 271,
      "overlap": 0.45915261674111185,
      "failures": 3,
      "speed": 815.5520421391649
    },
    {
      "sequence_name": "bolt",
      "sequence_length": 350,
      "overlap": 0.372372989398881,
      "failures": 4,
      "speed": 369.4514530835372
    },
    {
      "sequence_name": "car",
      "sequence_length": 252,
      "overlap": 0.5131703485071948,
      "failures": 1,
      "speed": 559.156251254156
    },
    {
      "sequence_name": "david",
      "sequence_length": 770,
      "overlap": 0.7064173088947566,
      "failures": 0,
      "speed": 468.799277196751
    },
    {
      "sequence_name": "diving",
      "sequence_length": 219,
      "overlap": 0.42330265111547416,
      "failures": 4,
      "speed": 214.85394324193854
    },
    {
      "sequence_name": "drunk",
      "sequence_length": 1210,
      "overlap": 0.2495148725860289,
      "failures": 0,
      "speed": 262.51476781165405
    },
    {
      "sequence_name": "fernando",
      "sequence_length": 292,
      "overlap": 0.3278626595565211,
      "failures": 2,
      "speed": 175.30105641725018
    },
    {
      "sequence_name": "fish1",
      "sequence_length": 436,
      "overlap": 0.3154684548131443,
      "failures": 11,
      "speed": 756.2373180738023
    },
    {
      "sequence_name": "fish2",
      "sequence_length": 310,
      "overlap": 0.30152523273250587,
      "failures": 7,
      "speed": 297.32818990709984
    },
    {
      "sequence_name": "gymnastics",
      "sequence_length": 207,
      "overlap": 0.5391310722374837,
      "failures": 4,
      "speed": 164.66226992542778
    },
    {
      "sequence_name": "hand1",
      "sequence_length": 244,
      "overlap": 0.5140183832459709,
      "failures": 5,
      "speed": 237.51233818279096
    },
    {
      "sequence_name": "hand2",
      "sequence_length": 267,
      "overlap": 0.35944059827494945,
      "failures": 13,
      "speed": 439.11865006348853
    },
    {
      "sequence_name": "jogging",
      "sequence_length": 307,
      "overlap": 0.7111830909859765,
      "failures": 1,
      "speed": 460.9131221357407
    },
    {
      "sequence_name": "motocross",
      "sequence_length": 164,
      "overlap": 0.5420588704725096,
      "failures": 1,
      "speed": 115.14189295286997
    },
    {
      "sequence_name": "polarbear",
      "sequence_length": 371,
      "overlap": 0.4638983430930765,
      "failures": 0,
      "speed": 681.4828258061925
    },
    {
      "sequence_name": "skating",
      "sequence_length": 400,
      "overlap": 0.572339340107082,
      "failures": 1,
      "speed": 405.2156990794545
    },
    {
      "sequence_name": "sphere",
      "sequence_length": 201,
      "overlap": 0.6806929482359466,
      "failures": 0,
      "speed": 252.51849509529936
    },
    {
      "sequence_name": "sunshade",
      "sequence_length": 172,
      "overlap": 0.6942013995074281,
      "failures": 1,
      "speed": 760.232250952666
    },
    {
      "sequence_name": "surfing",
      "sequence_length": 282,
      "overlap": 0.6676123892539361,
      "failures": 1,
      "speed": 988.6564123792589
    },
    {
      "sequence_name": "torus",
      "sequence_length": 264,
      "overlap": 0.5179262029549723,
      "failures": 5,
      "speed": 518.4340487085786
    },
    {
      "sequence_name": "trellis",
      "sequence_length": 569,
      "overlap": 0.4973421343096436,
      "failures": 0,
      "speed": 419.1217329866041
    },
    {
      "sequence_name": "tunnel",
      "sequence_length": 731,
      "overlap": 0.2981129263455283,
      "failures": 0,
      "speed": 418.4266870365868
    },
    {
      "sequence_name": "woman",
      "sequence_length": 597,
      "overlap": 0.6433561721509342,
      "failures": 2,
      "speed": 509.69100869581325
    }
  ],
  "average_overlap": 0.490333743240214,
  "total_failures": 72,
  "average_speed": 440.57180094862576,
  "total_frames": 10213
}