{
  "tracker_name": "mosse4",
  "results": [
    {
      "sequence_name": "ball",
      "sequence_length": 602,
      "overlap": 0.3972022165363456,
      "failures": 3,
      "speed": 238.16440957448353
    },
    {
      "sequence_name": "basketball",
      "sequence_length": 725,
      "overlap": 0.5595551384498485,
      "failures": 3,
      "speed": 133.66670396711345
    },
    {
      "sequence_name": "bicycle",
      "sequence_length": 271,
      "overlap": 0.44079343461867515,
      "failures": 1,
      "speed": 472.8168390795333
    },
    {
      "sequence_name": "bolt",
      "sequence_length": 350,
      "overlap": 0.5187687686183661,
      "failures": 4,
      "speed": 308.47288190882244
    },
    {
      "sequence_name": "car",
      "sequence_length": 252,
      "overlap": 0.40453568470909995,
      "failures": 0,
      "speed": 1083.6258119668403
    },
    {
      "sequence_name": "david",
      "sequence_length": 770,
      "overlap": 0.71395774083546,
      "failures": 0,
      "speed": 165.1494083104213
    },
    {
      "sequence_name": "diving",
      "sequence_length": 219,
      "overlap": 0.3645285578706423,
      "failures": 4,
      "speed": 106.1464993198258
    },
    {
      "sequence_name": "drunk",
      "sequence_length": 1210,
      "overlap": 0.29692689157236196,
      "failures": 0,
      "speed": 150.2836479653986
    },
    {
      "sequence_name": "fernando",
      "sequence_length": 292,
      "overlap": 0.34140409727387233,
      "failures": 5,
      "speed": 71.18836118451465
    },
    {
      "sequence_name": "fish1",
      "sequence_length": 436,
      "overlap": 0.3204244050055531,
      "failures": 13,
      "speed": 423.16758791940333
    },
    {
      "sequence_name": "fish2",
      "sequence_length": 310,
      "overlap": 0.2945319532574672,
      "failures": 8,
      "speed": 169.53453506273894
    },
    {
      "sequence_name": "gymnastics",
      "sequence_length": 207,
      "overlap": 0.559358899658426,
      "failures": 3,
      "speed": 145.20109271640794
    },
    {
      "sequence_name": "hand1",
      "sequence_length": 244,
      "overlap": 0.3864139937550866,
      "failures": 7,
      "speed": 196.36651045528944
    },
    {
      "sequence_name": "hand2",
      "sequence_length": 267,
      "overlap": 0.37842679522091965,
      "failures": 13,
      "speed": 272.91498977330394
    },
    {
      "sequence_name": "jogging",
      "sequence_length": 307,
      "overlap": 0.6110602475269299,
      "failures": 1,
      "speed": 176.3576351244343
    },
    {
      "sequence_name": "motocross",
      "sequence_length": 164,
      "overlap": 0.5309317371335898,
      "failures": 3,
      "speed": 31.667111325688207
    },
    {
      "sequence_name": "polarbear",
      "sequence_length": 371,
      "overlap": 0.47795172404782704,
      "failures": 0,
      "speed": 176.92737336387478
    },
    {
      "sequence_name": "skating",
      "sequence_length": 400,
      "overlap": 0.46224628675578366,
      "failures": 1,
      "speed": 170.20182153771668
    },
    {
      "sequence_name": "sphere",
      "sequence_length": 201,
      "overlap": 0.6485492072645865,
      "failures": 0,
      "speed": 107.08928966448762
    },
    {
      "sequence_name": "sunshade",
      "sequence_length": 172,
      "overlap": 0.6666895119687086,
      "failures": 0,
      "speed": 337.3987926223438
    },
    {
      "sequence_name": "surfing",
      "sequence_length": 282,
      "overlap": 0.566619710773282,
      "failures": 0,
      "speed": 874.5837586074392
    },
    {
      "sequence_name": "torus",
      "sequence_length": 264,
      "overlap": 0.46025051775743975,
      "failures": 5,
      "speed": 272.891729647058
    },
    {
      "sequence_name": "trellis",
      "sequence_length": 569,
      "overlap": 0.5636887460203279,
      "failures": 1,
      "speed": 204.9597205176506
    },
    {
      "sequence_name": "tunnel",
      "sequence_length": 731,
      "overlap": 0.2790719211652559,
      "failures": 0,
      "speed": 121.19949833687257
    },
    {
      "sequence_name": "woman",
      "sequence_length": 597,
      "overlap": 0.6276393963071543,
      "failures": 3,
      "speed": 258.87150432753515
    }
  ],
  "average_overlap": 0.47486110336412035,
  "total_failures": 78,
  "average_speed": 266.7539005711679,
  "total_frames": 10213
}