{
  "tracker_name": "mosse1",
  "results": [
    {
      "sequence_name": "ball",
      "sequence_length": 602,
      "overlap": 0.31991285217047566,
      "failures": 4,
      "speed": 700.0486330714198
    },
    {
      "sequence_name": "basketball",
      "sequence_length": 725,
      "overlap": 0.46194909810437096,
      "failures": 4,
      "speed": 233.85143685381223
    },
    {
      "sequence_name": "bicycle",
      "sequence_length": 271,
      "overlap": 0.44961227248817004,
      "failures": 2,
      "speed": 1199.1807270226955
    },
    {
      "sequence_name": "bolt",
      "sequence_length": 350,
      "overlap": 0.31122813541568545,
      "failures": 6,
      "speed": 443.9274671541333
    },
    {
      "sequence_name": "car",
      "sequence_length": 252,
      "overlap": 0.41239788392936927,
      "failures": 1,
      "speed": 1014.7215153174626
    },
    {
      "sequence_name": "david",
      "sequence_length": 770,
      "overlap": 0.6588265805827678,
      "failures": 0,
      "speed": 155.46526321510754
    },
    {
      "sequence_name": "diving",
      "sequence_length": 219,
      "overlap": 0.37124693736618447,
      "failures": 3,
      "speed": 310.6495622317366
    },
    {
      "sequence_name": "drunk",
      "sequence_length": 1210,
      "overlap": 0.35434779075177164,
      "failures": 0,
      "speed": 248.82880804214705
    },
    {
      "sequence_name": "fernando",
      "sequence_length": 292,
      "overlap": 0.36996099278698424,
      "failures": 2,
      "speed": 141.5873719220077
    },
    {
      "sequence_name": "fish1",
      "sequence_length": 436,
      "overlap": 0.3373401571591642,
      "failures": 10,
      "speed": 408.5495387465388
    },
    {
      "sequence_name": "fish2",
      "sequence_length": 310,
      "overlap": 0.28706236105650684,
      "failures": 6,
      "speed": 319.8943051319657
    },
    {
      "sequence_name": "gymnastics",
      "sequence_length": 207,
      "overlap": 0.5546380210168884,
      "failures": 2,
      "speed": 220.15997111147152
    },
    {
      "sequence_name": "hand1",
      "sequence_length": 244,
      "overlap": 0.4435072597920012,
      "failures": 6,
      "speed": 363.9131180588743
    },
    {
      "sequence_name": "hand2",
      "sequence_length": 267,
      "overlap": 0.38539108948907796,
      "failures": 12,
      "speed": 358.1973546389336
    },
    {
      "sequence_name": "jogging",
      "sequence_length": 307,
      "overlap": 0.5298900303534877,
      "failures": 1,
      "speed": 421.56832599948194
    },
    {
      "sequence_name": "motocross",
      "sequence_length": 164,
      "overlap": 0.5167266006939502,
      "failures": 1,
      "speed": 136.21227047806764
    },
    {
      "sequence_name": "polarbear",
      "sequence_length": 371,
      "overlap": 0.45484250538647025,
      "failures": 0,
      "speed": 390.02519499682853
    },
    {
      "sequence_name": "skating",
      "sequence_length": 400,
      "overlap": 0.5517631779011638,
      "failures": 1,
      "speed": 371.5380116223847
    },
    {
      "sequence_name": "sphere",
      "sequence_length": 201,
      "overlap": 0.5005418696812445,
      "failures": 2,
      "speed": 212.22947614507706
    },
    {
      "sequence_name": "sunshade",
      "sequence_length": 172,
      "overlap": 0.7061053790067167,
      "failures": 4,
      "speed": 963.3970863413763
    },
    {
      "sequence_name": "surfing",
      "sequence_length": 282,
      "overlap": 0.641306566316657,
      "failures": 1,
      "speed": 1696.6924262823761
    },
    {
      "sequence_name": "torus",
      "sequence_length": 264,
      "overlap": 0.5300318138423138,
      "failures": 4,
      "speed": 612.5833008310134
    },
    {
      "sequence_name": "trellis",
      "sequence_length": 569,
      "overlap": 0.5046113224039669,
      "failures": 0,
      "speed": 748.4350604338292
    },
    {
      "sequence_name": "tunnel",
      "sequence_length": 731,
      "overlap": 0.30700824074238064,
      "failures": 0,
      "speed": 570.3145132404638
    },
    {
      "sequence_name": "woman",
      "sequence_length": 597,
      "overlap": 0.5390904576239653,
      "failures": 4,
      "speed": 714.0656303743117
    }
  ],
  "average_overlap": 0.4599735758424694,
  "total_failures": 76,
  "average_speed": 518.2414547705407,
  "total_frames": 10213
}